{
    "model_name": "LSC_DDN_model_1000_10_0.001",
    "duration_min": 52.94397843281428,
    "test_loss": [
        0.24719371829813105,
        0.24486175974045085,
        0.23772897442610952,
        0.23419917551831548,
        0.23234909614455265,
        0.2309353646769674,
        0.23122052322342942,
        0.2305823480988856,
        0.22986987437372192,
        0.2287711278965505
    ],
    "train_loss": [
        0.2575618936117194,
        0.24421340859038781,
        0.23976296893505109,
        0.23406153358839302,
        0.23151985453842022,
        0.2304620109690636,
        0.2301365239657782,
        0.22956529752402047,
        0.22858208818387848,
        0.22841322180364057
    ]
}