{
    "model_name": "LSC_DNN_model_10000_50_0.002_200",
    "duration_min": 175.80897158781687,
    "test_loss": [
        0.23029589749775925,
        0.2293413540759644,
        0.2939904374735696,
        0.2219805827775559,
        0.2266241108829325,
        0.21916679805749423,
        0.2165262538504291,
        0.21569101667249357,
        0.22630121704045827,
        0.20918821456370415,
        0.21383859062349642,
        0.22974195728054295,
        0.218189516624847,
        0.20465251474411456,
        0.21781333661698676,
        0.21418595468843138,
        0.2468688878920171,
        0.23226172177048474,
        0.1903356367891485,
        0.204893888978215,
        0.19395567341284317,
        0.21292227700159147,
        0.19303365516198145,
        0.19591100862273922,
        0.18012344488849888,
        0.1890964223579927,
        0.18846790376421693,
        0.17930786911543314,
        0.1658330751316888,
        0.18310411603419813,
        0.15619234953607833,
        0.15837540119499355,
        0.16440151535071335,
        0.15449372649966897,
        0.15766686897773247,
        0.14904180111049056,
        0.15347903057352288,
        0.1790865386848326,
        0.14307091472210823,
        0.1586619553627906,
        0.16538213870742105,
        0.15214755957002762,
        0.1790807367145241,
        0.1438159832319656,
        0.12658066534763807,
        0.18137196654623206,
        0.12868679198738817,
        0.12155281142754988,
        0.1486412137746811,
        0.13227875859706434
    ],
    "train_loss": [
        0.5709618813716448,
        0.2436367010458922,
        0.23575946314212604,
        0.2396460786079749,
        0.22734946746092577,
        0.22501494464201804,
        0.2219723511964847,
        0.22076034255516835,
        0.2195473502843808,
        0.2185220032166212,
        0.21672116418679555,
        0.2175664864289455,
        0.21625688878389504,
        0.21378669517162519,
        0.21145491302013397,
        0.2080391485721637,
        0.20529166100881038,
        0.20329943895339966,
        0.19810492258805495,
        0.1878557637715951,
        0.18791177433270675,
        0.18642554917396642,
        0.1852343657077887,
        0.17522364526222914,
        0.17517564594745635,
        0.1695902929856227,
        0.1678611341959391,
        0.16690634588400524,
        0.16231866922134008,
        0.15793192845124465,
        0.15477835215055025,
        0.15175534922343034,
        0.1493787407110899,
        0.14497304894985297,
        0.14250375552055164,
        0.13847593470261646,
        0.1336623136049662,
        0.13323454214976385,
        0.13248097063639225,
        0.12696230656061416,
        0.12698069226283293,
        0.12503386854361265,
        0.12267771042310274,
        0.12353032414729778,
        0.12020567028950423,
        0.12102101456660491,
        0.12224780852213885,
        0.11804568484807626,
        0.11658043586290799,
        0.11762830271170689
    ]
}