{
    "model_name": "LSC_DDN_model_3000_10_0.0001",
    "duration_min": 44.769047208627065,
    "test_loss": [
        0.3132809000970119,
        0.28845208912939574,
        0.27727554538356725,
        0.2712813949777712,
        0.2669105159850856,
        0.2636300909207828,
        0.2608030009551428,
        0.25797308662637547,
        0.25560292916659694,
        0.2532934628760637
    ],
    "train_loss": [
        2.8354789705825425,
        0.30107506367144304,
        0.28406097906356825,
        0.2753379428151137,
        0.26994320594055954,
        0.26584129893185754,
        0.26231627575925126,
        0.25921832322050203,
        0.2563617271451196,
        0.2537725912951112
    ]
}