{
    "model_name": "LSC_DDN_model_1000_10_0.0001",
    "duration_min": 47.282598940531415,
    "test_loss": [
        0.2976966146317827,
        0.26691381531795394,
        0.25976241167102543,
        0.253978805845461,
        0.2502999781844426,
        0.2484200136531825,
        0.2473787324397865,
        0.24721738422580336,
        0.24629267222213982,
        0.24592461288470366
    ],
    "train_loss": [
        0.6803803208735064,
        0.2784359692673287,
        0.2631572923550975,
        0.25639531924936354,
        0.25122421039722026,
        0.24789780191329966,
        0.24612891989143668,
        0.24516218231195708,
        0.24449048799737477,
        0.24395147895915462
    ]
}