{
    "model_name": "LSC_DNN_model_epoch15_20230728_160103.pt",
    "learning_rate": 0.002,
    "number_epochs": 15,
    "batch_size": 10000,
    "start_time_s": 1690585263.3009949,
    "end_time_s": 1690588593.2838697,
    "elapsed_time_s": 3329.9828748703003,
    "train_loss": [
        0.3246495723724365,
        0.2254134714603424,
        0.2191092073917389,
        0.2817387878894806,
        0.1775827258825302,
        0.19604945182800293,
        0.1534503847360611,
        0.23980584740638733,
        0.2917594909667969,
        0.2833552658557892,
        0.2210180163383484,
        0.1502106785774231,
        0.15837743878364563,
        0.1924421638250351,
        0.2761434018611908,
        0.19330374896526337
    ],
    "test_loss": [
        0.23071360897708248,
        0.22070742524289466,
        0.22469417344440112,
        0.2222155493188214,
        0.2190437638140344,
        0.21292604041564,
        0.2213486760080635,
        0.22710087218067862,
        0.215574381800441,
        0.2127612478934325,
        0.20697502250021155,
        0.1995290844858467,
        0.19204018487558736,
        0.20142019452986779,
        0.21155210516669534,
        0.23490883448681274
    ]
}
