{
    "model_name": "LSC_DNN_model_epoch20_20230728_160103.pt",
    "learning_rate": 0.002,
    "number_epochs": 20,
    "batch_size": 10000,
    "start_time_s": 1690585263.3009949,
    "end_time_s": 1690589682.8573265,
    "elapsed_time_s": 4419.5563316345215,
    "train_loss": [
        0.3246495723724365,
        0.2254134714603424,
        0.2191092073917389,
        0.2817387878894806,
        0.1775827258825302,
        0.19604945182800293,
        0.1534503847360611,
        0.23980584740638733,
        0.2917594909667969,
        0.2833552658557892,
        0.2210180163383484,
        0.1502106785774231,
        0.15837743878364563,
        0.1924421638250351,
        0.2761434018611908,
        0.19330374896526337,
        0.1958910971879959,
        0.16467507183551788,
        0.20485487580299377,
        0.12491022050380707,
        0.17999060451984406
    ],
    "test_loss": [
        0.23071360897708248,
        0.22070742524289466,
        0.22469417344440112,
        0.2222155493188214,
        0.2190437638140344,
        0.21292604041564,
        0.2213486760080635,
        0.22710087218067862,
        0.215574381800441,
        0.2127612478934325,
        0.20697502250021155,
        0.1995290844858467,
        0.19204018487558736,
        0.20142019452986779,
        0.21155210516669534,
        0.23490883448681274,
        0.20512763052791744,
        0.20364643459196213,
        0.19615087880716695,
        0.15622886086439158,
        0.22206688894853963
    ]
}
