{
    "model_name": "LSC_DNN_model_epoch40_20230728_160103.pt",
    "learning_rate": 0.002,
    "number_epochs": 40,
    "batch_size": 10000,
    "start_time_s": 1690585263.3009949,
    "end_time_s": 1690593923.667346,
    "elapsed_time_s": 8660.366351127625,
    "train_loss": [
        0.3246495723724365,
        0.2254134714603424,
        0.2191092073917389,
        0.2817387878894806,
        0.1775827258825302,
        0.19604945182800293,
        0.1534503847360611,
        0.23980584740638733,
        0.2917594909667969,
        0.2833552658557892,
        0.2210180163383484,
        0.1502106785774231,
        0.15837743878364563,
        0.1924421638250351,
        0.2761434018611908,
        0.19330374896526337,
        0.1958910971879959,
        0.16467507183551788,
        0.20485487580299377,
        0.12491022050380707,
        0.17999060451984406,
        0.1402205526828766,
        0.09163656830787659,
        0.13984046876430511,
        0.1363261491060257,
        0.12676987051963806,
        0.11017275601625443,
        0.10707051306962967,
        0.10694383084774017,
        0.11879581212997437,
        0.17639335989952087,
        0.14293397963047028,
        0.13094419240951538,
        0.1267673522233963,
        0.10249274969100952,
        0.0891939029097557,
        0.09772676229476929,
        0.0989442691206932,
        0.11525005847215652,
        0.1916656345129013,
        0.0887564942240715
    ],
    "test_loss": [
        0.23071360897708248,
        0.22070742524289466,
        0.22469417344440112,
        0.2222155493188214,
        0.2190437638140344,
        0.21292604041564,
        0.2213486760080635,
        0.22710087218067862,
        0.215574381800441,
        0.2127612478934325,
        0.20697502250021155,
        0.1995290844858467,
        0.19204018487558736,
        0.20142019452986779,
        0.21155210516669534,
        0.23490883448681274,
        0.20512763052791744,
        0.20364643459196213,
        0.19615087880716695,
        0.15622886086439158,
        0.22206688894853963,
        0.16433331776749005,
        0.17055717420268368,
        0.15737782031684727,
        0.14716473008905137,
        0.1642901949681245,
        0.16097816437869877,
        0.16311340866150795,
        0.1422656290716939,
        0.15841682932593606,
        0.17522344786625405,
        0.1476623218554955,
        0.14529640604923297,
        0.14547729782469862,
        0.14872980853179832,
        0.1305930603827749,
        0.13880137286402963,
        0.16366121192257127,
        0.1309799865468756,
        0.16490337252616882,
        0.15095048001060238
    ]
}
