{
    "model_name": "LSC_DNN_model_epoch5_20230728_160103.pt",
    "learning_rate": 0.002,
    "number_epochs": 5,
    "batch_size": 10000,
    "start_time_s": 1690585263.3009949,
    "end_time_s": 1690586492.4509773,
    "elapsed_time_s": 1229.1499824523926,
    "train_loss": [
        0.3246495723724365,
        0.2254134714603424,
        0.2191092073917389,
        0.2817387878894806,
        0.1775827258825302,
        0.19604945182800293
    ],
    "test_loss": [
        0.23071360897708248,
        0.22070742524289466,
        0.22469417344440112,
        0.2222155493188214,
        0.2190437638140344,
        0.21292604041564
    ]
}
