{
    "model_name": "LSC_DNN_model_epoch5_20230728_153619.pt",
    "learning_rate": 0.002,
    "number_epochs": 5,
    "batch_size": 10000,
    "start_time_s": 1690583779.8282537,
    "end_time_s": 1690585030.3439481,
    "elapsed_time_s": 1250.5156943798065,
    "train_loss": [
        0.24119320511817932,
        0.20801140367984772,
        0.24288409948349,
        0.1700110286474228,
        0.18913789093494415,
        0.19694587588310242
    ],
    "test_loss": [
        0.23212691444855232,
        0.22356724023044883,
        0.22061345639166893,
        0.2156120858022145,
        0.21965700581476286,
        0.2177884000075328
    ]
}
